company_symbol,Date,Open,High,Low,Close,Adj Close,Volume
AAPL,2/1/2021,133.75,135.3800048828125,130.92999267578125,134.13999938964844,131.8120574951172,106239800
AAPL,2/2/2021,135.72999572753906,136.30999755859375,134.61000061035156,134.99000549316406,132.64732360839844,83305400
AAPL,2/3/2021,135.75999450683594,135.77000427246094,133.61000061035156,133.94000244140625,131.61553955078125,89880900
AAPL,2/4/2021,136.3000030517578,137.39999389648438,134.58999633789062,137.38999938964844,135.0056610107422,84183100
AAPL,2/5/2021,137.35000610351562,137.4199981689453,135.86000061035156,136.75999450683594,134.58741760253906,75693800
AAPL,2/8/2021,136.02999877929688,136.9600067138672,134.9199981689453,136.91000366210938,134.73504638671875,71297200
AAPL,2/9/2021,136.6199951171875,137.8800048828125,135.85000610351562,136.00999450683594,133.8493194580078,76774200
AAPL,2/10/2021,136.47999572753906,136.99000549316406,134.39999389648438,135.38999938964844,133.2391815185547,73046600
AAPL,2/11/2021,135.89999389648438,136.38999938964844,133.77000427246094,135.1300048828125,132.9833221435547,64280000
AAPL,2/12/2021,134.35000610351562,135.52999877929688,133.69000244140625,135.3699951171875,133.21949768066406,60145100
AAPL,2/16/2021,135.49000549316406,136.00999450683594,132.7899932861328,133.19000244140625,131.0741424560547,80576300
AAPL,2/17/2021,131.25,132.22000122070312,129.47000122070312,130.83999633789062,128.76145935058594,97918500
AAPL,2/18/2021,129.1999969482422,130,127.41000366210938,129.7100067138672,127.64944458007812,96856700
AAPL,2/19/2021,130.24000549316406,130.7100067138672,128.8000030517578,129.8699951171875,127.8068848,87668800
AAPL,2/22/2021,128.00999450683594,129.72000122070312,125.5999984741211,126,123.99835205078125,103916400
AAPL,2/23/2021,123.76000213623047,126.70999908447266,118.38999938964844,125.86000061035156,123.86056518554688,158273000
AAPL,2/24/2021,124.94000244140625,125.55999755859375,122.2300033569336,125.3499984741211,123.35868835449219,111039900
AAPL,2/25/2021,124.68000030517578,126.45999908447266,120.54000091552734,120.98999786376953,119.06793975830078,148199500
AAPL,2/26/2021,122.58999633789062,124.8499984741211,121.19999694824219,121.26000213623047,119.33364868164062,164560400
AAPL,3/1/2021,123.75,127.93000030517578,122.79000091552734,127.79000091552734,125.75991821289062,116307900
AAPL,3/2/2021,128.41000366210938,128.72000122070312,125.01000213623047,125.12000274658203,123.13233947753906,102260900
AAPL,3/3/2021,124.80999755859375,125.70999908447266,121.83999633789062,122.05999755859375,120.1209487915039,112966300
AAPL,3/4/2021,121.75,123.5999984741211,118.62000274658203,120.12999725341797,118.22160339355469,178155000
AAPL,3/5/2021,120.9800033569336,121.94000244140625,117.56999969482422,121.41999816894531,119.4911117553711,153766600
AAPL,3/8/2021,120.93000030517578,121,116.20999908447266,116.36000061035156,114.51148223876953,154376600
AAPL,3/9/2021,119.02999877929688,122.05999755859375,118.79000091552734,121.08999633789062,119.1663589477539,129525800
AAPL,3/10/2021,121.69000244140625,122.16999816894531,119.44999694824219,119.9800033569336,118.0739974975586,111943300
AAPL,3/11/2021,122.54000091552734,123.20999908447266,121.26000213623047,121.95999908447266,120.02252960205078,103026500
AAPL,3/12/2021,120.4000015258789,121.16999816894531,119.16000366210938,121.02999877929688,119.10731506347656,88105100
AAPL,3/15/2021,121.41000366210938,124,120.41999816894531,123.98999786376953,122.02027130126953,92403800
AAPL,3/16/2021,125.69999694824219,127.22000122070312,124.72000122070312,125.56999969482422,123.57518768310547,115227900
AAPL,3/17/2021,124.05000305175781,125.86000061035156,122.33999633789062,124.76000213623047,122.7780532836914,111932600
AAPL,3/18/2021,122.87999725341797,123.18000030517578,120.31999969482422,120.52999877929688,118.61524200439453,121229700
AAPL,3/19/2021,119.9000015258789,121.43000030517578,119.68000030517578,119.98999786376953,118.08383178710938,185549500
AAPL,3/22/2021,120.33000183105469,123.87000274658203,120.26000213623047,123.38999938964844,121.42981719970703,111912300
AAPL,3/23/2021,123.33000183105469,124.23999786376953,122.13999938964844,122.54000091552734,120.59332275390625,95467100
AAPL,3/24/2021,122.81999969482422,122.9000015258789,120.06999969482422,120.08999633789062,118.1822280883789,88530500
AAPL,3/25/2021,119.54000091552734,121.66000366210938,119,120.58999633789062,118.67428588867188,98844700
AAPL,3/26/2021,120.3499984741211,121.4800033569336,118.91999816894531,121.20999908447266,119.28443908691406,94071200
AAPL,3/29/2021,121.6500015258789,122.58000183105469,120.7300033569336,121.38999938964844,119.46158599853516,80819200
AAPL,3/30/2021,120.11000061035156,120.4000015258789,118.86000061035156,119.9000015258789,117.99526977539062,85671900
AAPL,3/31/2021,121.6500015258789,123.5199966430664,121.1500015258789,122.1500015258789,120.20951843261719,118323800
AAPL,4/1/2021,123.66000366210938,124.18000030517578,122.48999786376953,123,121.04600524902344,75089100
AAPL,4/5/2021,123.87000274658203,126.16000366210938,123.06999969482422,125.9000015258789,123.89993286132812,88651200
AAPL,4/6/2021,126.5,127.12999725341797,125.6500015258789,126.20999908447266,124.20501708984375,80171300
AAPL,4/7/2021,125.83000183105469,127.91999816894531,125.13999938964844,127.9000015258789,125.86817169189453,83466700
AAPL,4/8/2021,128.9499969482422,130.38999938964844,128.52000427246094,130.36000061035156,128.2891082763672,88844600
AAPL,4/9/2021,129.8000030517578,133.0399932861328,129.47000122070312,133,130.88714599609375,106686700
AAPL,4/12/2021,132.52000427246094,132.85000610351562,130.6300048828125,131.24000549316406,129.15513610839844,91420000
AAPL,4/13/2021,132.44000244140625,134.66000366210938,131.92999267578125,134.42999267578125,132.2944336,91266500
AAPL,4/14/2021,134.94000244140625,135,131.66000366210938,132.02999877929688,129.93258666992188,87222800
AAPL,4/15/2021,133.82000732421875,135,133.63999938964844,134.5,132.36334228515625,89347100
AAPL,4/16/2021,134.3000030517578,134.6699981689453,133.27999877929688,134.16000366210938,132.0287322998047,84922400
AAPL,4/19/2021,133.50999450683594,135.47000122070312,133.33999633789062,134.83999633789062,132.6979217529297,94264200
AAPL,4/20/2021,135.02000427246094,135.52999877929688,131.80999755859375,133.11000061035156,130.9954071044922,94812300
AAPL,4/21/2021,132.36000061035156,133.75,131.3000030517578,133.5,131.3792266845703,68847100
AAPL,4/22/2021,133.0399932861328,134.14999389648438,131.41000366210938,131.94000244140625,129.8439941,84566500
AAPL,4/23/2021,132.16000366210938,135.1199951171875,132.16000366210938,134.32000732421875,132.18618774414062,78657500
AAPL,4/26/2021,134.8300018310547,135.05999755859375,133.55999755859375,134.72000122070312,132.57981872558594,66905100
AAPL,4/27/2021,135.00999450683594,135.41000366210938,134.11000061035156,134.38999938964844,132.2550811767578,66015800
AAPL,4/28/2021,134.30999755859375,135.02000427246094,133.0800018310547,133.5800018310547,131.45794677734375,107760100
AAPL,4/29/2021,136.47000122070312,137.07000732421875,132.4499969482422,133.47999572753906,131.3594970703125,151101000
AAPL,4/30/2021,131.77999877929688,133.55999755859375,131.07000732421875,131.4600067138672,129.3716278076172,109839500
AAPL,5/3/2021,132.0399932861328,134.07000732421875,131.8300018310547,132.5399932861328,130.43446350097656,75135100
AAPL,5/4/2021,131.19000244140625,131.49000549316406,126.69999694824219,127.8499984741211,125.81896209716797,137564700
AAPL,5/5/2021,129.1999969482422,130.4499969482422,127.97000122070312,128.10000610351562,126.06499481201172,84000900
AAPL,5/6/2021,127.88999938964844,129.75,127.12999725341797,129.74000549316406,127.67893981933594,78128300
AAPL,5/7/2021,130.85000610351562,131.25999450683594,129.47999572753906,130.2100067138672,128.35911560058594,78973300
AAPL,5/10/2021,129.41000366210938,129.5399932861328,126.80999755859375,126.8499984741211,125.04689025878906,88071200
AAPL,5/11/2021,123.5,126.2699966430664,122.7699966430664,125.91000366210938,124.12025451660156,126142800
AAPL,5/12/2021,123.4000015258789,124.63999938964844,122.25,122.7699966430664,121.02488708496094,112172300
AAPL,5/13/2021,124.58000183105469,126.1500015258789,124.26000213623047,124.97000122070312,123.19361877441406,105861300
AAPL,5/14/2021,126.25,127.88999938964844,125.8499984741211,127.44999694824219,125.63835906982422,81918000
AAPL,5/17/2021,126.81999969482422,126.93000030517578,125.16999816894531,126.2699966430664,124.47512817382812,74244600
AAPL,5/18/2021,126.55999755859375,126.98999786376953,124.77999877929688,124.8499984741211,123.07532501220703,63342900
AAPL,5/19/2021,123.16000366210938,124.91999816894531,122.86000061035156,124.69000244140625,122.91759490966797,92612000
AAPL,5/20/2021,125.2300033569336,127.72000122070312,125.0999984741211,127.30999755859375,125.5003433227539,76857100
AAPL,5/21/2021,127.81999969482422,128,125.20999908447266,125.43000030517578,123.6470718383789,79295400
AAPL,5/24/2021,126.01000213623047,127.94000244140625,125.94000244140625,127.0999984741211,125.2933349609375,63092900
AAPL,5/25/2021,127.81999969482422,128.32000732421875,126.31999969482422,126.9000015258789,125.09617614746094,72009500
AAPL,5/26/2021,126.95999908447266,127.38999938964844,126.41999816894531,126.8499984741211,125.04689025878906,56575900
AAPL,5/27/2021,126.44000244140625,127.63999938964844,125.08000183105469,125.27999877929688,123.49919891357422,94625600
AAPL,5/28/2021,125.56999969482422,125.80000305175781,124.55000305175781,124.61000061035156,122.83872985839844,71311100
AAPL,6/1/2021,125.08000183105469,125.3499984741211,123.94000244140625,124.27999877929688,122.5134277,67637100
AAPL,6/2/2021,124.27999877929688,125.23999786376953,124.05000305175781,125.05999755859375,123.28234100341797,59278900
AAPL,6/3/2021,124.68000030517578,124.8499984741211,123.12999725341797,123.54000091552734,121.78395080566406,76229200
AAPL,6/4/2021,124.06999969482422,126.16000366210938,123.8499984741211,125.88999938964844,124.10054016113281,75169300
AAPL,6/7/2021,126.16999816894531,126.31999969482422,124.83000183105469,125.9000015258789,124.11038970947266,71057600
AAPL,6/8/2021,126.5999984741211,128.4600067138672,126.20999908447266,126.73999786376953,124.9384536743164,74403800
AAPL,6/9/2021,127.20999908447266,127.75,126.5199966430664,127.12999725341797,125.32291412353516,56877900
AAPL,6/10/2021,127.0199966430664,128.19000244140625,125.94000244140625,126.11000061035156,124.31741333007812,71186400
AAPL,6/11/2021,126.52999877929688,127.44000244140625,126.0999984741211,127.3499984741211,125.5397720336914,53522400
AAPL,6/14/2021,127.81999969482422,130.5399932861328,127.06999969482422,130.47999572753906,128.62527465820312,96906500
AAPL,6/15/2021,129.94000244140625,130.60000610351562,129.38999938964844,129.63999938964844,127.7972412109375,62746300
AAPL,6/16/2021,130.3699951171875,130.88999938964844,128.4600067138672,130.14999389648438,128.2999725341797,91815000
AAPL,6/17/2021,129.8000030517578,132.5500030517578,129.64999389648438,131.7899932861328,129.91665649414062,96721700
AAPL,6/18/2021,130.7100067138672,131.50999450683594,130.24000549316406,130.4600067138672,128.60557556152344,108953300
AAPL,6/21/2021,130.3000030517578,132.41000366210938,129.2100067138672,132.3000030517578,130.41941833496094,79663300
AAPL,6/22/2021,132.1300048828125,134.0800018310547,131.6199951171875,133.97999572753906,132.0755157470703,74783600
AAPL,6/23/2021,133.77000427246094,134.32000732421875,133.22999572753906,133.6999969482422,131.7995147705078,60214200
AAPL,6/24/2021,134.4499969482422,134.63999938964844,132.92999267578125,133.41000366210938,131.5136719,68711000
AAPL,6/25/2021,133.4600067138672,133.88999938964844,132.80999755859375,133.11000061035156,131.21792602539062,70783700
AAPL,6/28/2021,133.41000366210938,135.25,133.35000610351562,134.77999877929688,132.86415100097656,62111300
AAPL,6/29/2021,134.8000030517578,136.49000549316406,134.35000610351562,136.3300018310547,134.39215087890625,64556100
AAPL,6/30/2021,136.1699981689453,137.41000366210938,135.8699951171875,136.9600067138672,135.0131836,63261400
AAPL,7/1/2021,136.60000610351562,137.3300018310547,135.75999450683594,137.27000427246094,135.3187713623047,52485800
AAPL,7/2/2021,137.89999389648438,140,137.75,139.9600067138672,137.9705352783203,78852600
AAPL,7/6/2021,140.07000732421875,143.14999389648438,140.07000732421875,142.02000427246094,140.00128173828125,108181800
AAPL,7/7/2021,143.5399932861328,144.88999938964844,142.66000366210938,144.57000732421875,142.5150146484375,104911600
AAPL,7/8/2021,141.5800018310547,144.05999755859375,140.6699981689453,143.24000549316406,141.2039337158203,105575500
AAPL,7/9/2021,142.75,145.64999389648438,142.64999389648438,145.11000061035156,143.04733276367188,99890800
AAPL,7/12/2021,146.2100067138672,146.32000732421875,144,144.5,142.44598388671875,76299700
AAPL,7/13/2021,144.02999877929688,147.4600067138672,143.6300048828125,145.63999938964844,143.56979370117188,100827100
AAPL,7/14/2021,148.10000610351562,149.57000732421875,147.67999267578125,149.14999389648438,147.02989196777344,127050800
AAPL,7/15/2021,149.24000549316406,150,147.08999633789062,148.47999572753906,146.36944580078125,106820300
AAPL,7/16/2021,148.4600067138672,149.75999450683594,145.8800048828125,146.38999938964844,144.30914306640625,93251400
AAPL,7/19/2021,143.75,144.07000732421875,141.6699981689453,142.4499969482422,140.4251251220703,121434600
AAPL,7/20/2021,143.4600067138672,147.10000610351562,142.9600067138672,146.14999389648438,144.0725555419922,96350000
AAPL,7/21/2021,145.52999877929688,146.1300048828125,144.6300048828125,145.39999389648438,143.33319091796875,74993500
AAPL,7/22/2021,145.94000244140625,148.1999969482422,145.80999755859375,146.8000030517578,144.7133331298828,77338200
AAPL,7/23/2021,147.5500030517578,148.72000122070312,146.9199981689453,148.55999755859375,146.44827270507812,71447400
AAPL,7/26/2021,148.27000427246094,149.8300018310547,147.6999969482422,148.99000549316406,146.8721923828125,72434100
AAPL,7/27/2021,149.1199951171875,149.2100067138672,145.5500030517578,146.77000427246094,144.68374633789062,104818600
AAPL,7/28/2021,144.80999755859375,146.97000122070312,142.5399932861328,144.97999572753906,142.91917419433594,118931200
AAPL,7/29/2021,144.69000244140625,146.5500030517578,144.5800018310547,145.63999938964844,143.56979370117188,56699500
AAPL,7/30/2021,144.3800048828125,146.3300018310547,144.11000061035156,145.86000061035156,143.7866668701172,70440600
AAPL,8/2/2021,146.36000061035156,146.9499969482422,145.25,145.52000427246094,143.45150756835938,62880000
AAPL,8/3/2021,145.80999755859375,148.0399932861328,145.17999267578125,147.36000061035156,145.2653350830078,64786600
AAPL,8/4/2021,147.27000427246094,147.7899932861328,146.27999877929688,146.9499969482422,144.8612060546875,56368300
AAPL,8/5/2021,146.97999572753906,147.83999633789062,146.1699981689453,147.05999755859375,144.9696044921875,46397700
AAPL,8/6/2021,146.35000610351562,147.11000061035156,145.6300048828125,146.13999938964844,144.27854919433594,54126800
AAPL,8/9/2021,146.1999969482422,146.6999969482422,145.52000427246094,146.08999633789062,144.2291717529297,48908700
AAPL,8/10/2021,146.44000244140625,147.7100067138672,145.3000030517578,145.60000610351562,143.7454071044922,69023100
AAPL,8/11/2021,146.0500030517578,146.72000122070312,145.52999877929688,145.86000061035156,144.00209045410156,48493500
AAPL,8/12/2021,146.19000244140625,149.0500030517578,145.83999633789062,148.88999938964844,146.9935302734375,72282600
AAPL,8/13/2021,148.97000122070312,149.44000244140625,148.27000427246094,149.10000610351562,147.2008514404297,59375000
AAPL,8/16/2021,148.5399932861328,151.19000244140625,146.47000122070312,151.1199951171875,149.19508361816406,103296000
AAPL,8/17/2021,150.22999572753906,151.67999267578125,149.08999633789062,150.19000244140625,148.27696228027344,92229700
AAPL,8/18/2021,149.8000030517578,150.72000122070312,146.14999389648438,146.36000061035156,144.4957275390625,86326000
AAPL,8/19/2021,145.02999877929688,148,144.5,146.6999969482422,144.83140563964844,86960300
AAPL,8/20/2021,147.44000244140625,148.5,146.77999877929688,148.19000244140625,146.30242919921875,60549600
AAPL,8/23/2021,148.30999755859375,150.19000244140625,147.88999938964844,149.7100067138672,147.80307006835938,60131800
AAPL,8/24/2021,149.4499969482422,150.86000061035156,149.14999389648438,149.6199951171875,147.71420288085938,48606400
AAPL,8/25/2021,149.80999755859375,150.32000732421875,147.8000030517578,148.36000061035156,146.47023010253906,58991300
AAPL,8/26/2021,148.35000610351562,149.1199951171875,147.50999450683594,147.5399932861328,145.6606903076172,48597200
AAPL,8/27/2021,147.47999572753906,148.75,146.8300018310547,148.60000610351562,146.7071990966797,55802400
AAPL,8/30/2021,149,153.49000549316406,148.61000061035156,153.1199951171875,151.1696319580078,90956700
AAPL,8/31/2021,152.66000366210938,152.8000030517578,151.2899932861328,151.8300018310547,149.89605712890625,86453100
AAPL,9/1/2021,152.8300018310547,154.97999572753906,152.33999633789062,152.50999450683594,150.56739807128906,80313700
AAPL,9/2/2021,153.8699951171875,154.72000122070312,152.39999389648438,153.64999389648438,151.6928711,71115500
AAPL,9/3/2021,153.75999450683594,154.6300048828125,153.08999633789062,154.3000030517578,152.33462524414062,57808700
AAPL,9/7/2021,154.97000122070312,157.25999450683594,154.38999938964844,156.69000244140625,154.69415283203125,82278300
AAPL,9/8/2021,156.97999572753906,157.0399932861328,153.97999572753906,155.11000061035156,153.1342773,74420200
AAPL,9/9/2021,155.49000549316406,156.11000061035156,153.9499969482422,154.07000732421875,152.10751342773438,57305700
AAPL,9/10/2021,155,155.47999572753906,148.6999969482422,148.97000122070312,147.0725098,140893200
AAPL,9/13/2021,150.6300048828125,151.4199981689453,148.75,149.5500030517578,147.64511108398438,102404300
AAPL,9/14/2021,150.35000610351562,151.07000732421875,146.91000366210938,148.1199951171875,146.23330688476562,109296300
AAPL,9/15/2021,148.55999755859375,149.44000244140625,146.3699951171875,149.02999877929688,147.1317138671875,83281300
AAPL,9/16/2021,148.44000244140625,148.97000122070312,147.22000122070312,148.7899932861328,146.8947754,68034100
AAPL,9/17/2021,148.82000732421875,148.82000732421875,145.75999450683594,146.05999755859375,144.19956970214844,129868800
AAPL,9/20/2021,143.8000030517578,144.83999633789062,141.27000427246094,142.94000244140625,141.11929321289062,123478900
AAPL,9/21/2021,143.92999267578125,144.60000610351562,142.77999877929688,143.42999267578125,141.60305786132812,75834000
AAPL,9/22/2021,144.4499969482422,146.42999267578125,143.6999969482422,145.85000610351562,143.9922332763672,76404300
AAPL,9/23/2021,146.64999389648438,147.0800018310547,145.63999938964844,146.8300018310547,144.95973205566406,64838200
AAPL,9/24/2021,145.66000366210938,147.47000122070312,145.55999755859375,146.9199981689453,145.04859924316406,53477900
AAPL,9/27/2021,145.47000122070312,145.9600067138672,143.82000732421875,145.3699951171875,143.51834106445312,74150700
AAPL,9/28/2021,143.25,144.75,141.69000244140625,141.91000366210938,140.1024169921875,108972300
AAPL,9/29/2021,142.47000122070312,144.4499969482422,142.02999877929688,142.8300018310547,141.0106964111328,74602000
AAPL,9/30/2021,143.66000366210938,144.3800048828125,141.27999877929688,141.5,139.69764709472656,89056700
AAPL,10/1/2021,141.89999389648438,142.9199981689453,139.11000061035156,142.64999389648438,140.83297729492188,94639600
AAPL,10/4/2021,141.75999450683594,142.2100067138672,138.27000427246094,139.13999938964844,137.36769104003906,98322000
AAPL,10/5/2021,139.49000549316406,142.24000549316406,139.36000061035156,141.11000061035156,139.31263732910156,80861100
AAPL,10/6/2021,139.47000122070312,142.14999389648438,138.3699951171875,142,140.1912841796875,83221100
AAPL,10/7/2021,143.05999755859375,144.22000122070312,142.72000122070312,143.2899932861328,141.4648438,61732700
AAPL,10/8/2021,144.02999877929688,144.17999267578125,142.55999755859375,142.89999389648438,141.0797882080078,58773200
AAPL,10/11/2021,142.27000427246094,144.80999755859375,141.80999755859375,142.80999755859375,140.99093627929688,64452200
AAPL,10/12/2021,143.22999572753906,143.25,141.0399932861328,141.50999450683594,139.70750427246094,73035900
AAPL,10/13/2021,141.24000549316406,141.39999389648438,139.1999969482422,140.91000366210938,139.11517333984375,78762700
AAPL,10/14/2021,142.11000061035156,143.8800048828125,141.50999450683594,143.75999450683594,141.92884826660156,69907100
AAPL,10/15/2021,143.77000427246094,144.89999389648438,143.50999450683594,144.83999633789062,142.99508666992188,67940300
AAPL,10/18/2021,143.4499969482422,146.83999633789062,143.16000366210938,146.5500030517578,144.68331909179688,85589200
AAPL,10/19/2021,147.00999450683594,149.1699981689453,146.5500030517578,148.75999450683594,146.86514282226562,76378900
AAPL,10/20/2021,148.6999969482422,149.75,148.1199951171875,149.25999450683594,147.3587646484375,58418800
AAPL,10/21/2021,148.80999755859375,149.63999938964844,147.8699951171875,149.47999572753906,147.57598876953125,61421000
AAPL,10/22/2021,149.69000244140625,150.17999267578125,148.63999938964844,148.69000244140625,146.79608154296875,58883400
AAPL,10/25/2021,148.67999267578125,149.3699951171875,147.6199951171875,148.63999938964844,146.74668884277344,50720600
AAPL,10/26/2021,149.3300018310547,150.83999633789062,149.00999450683594,149.32000732421875,147.41806030273438,60893400
AAPL,10/27/2021,149.36000061035156,149.72999572753906,148.49000549316406,148.85000610351562,146.95401000976562,56094900
AAPL,10/28/2021,149.82000732421875,153.1699981689453,149.72000122070312,152.57000732421875,150.62664794921875,100077900
AAPL,10/29/2021,147.22000122070312,149.94000244140625,146.41000366210938,149.8000030517578,147.8919219970703,124953200
AAPL,11/1/2021,148.99000549316406,149.6999969482422,147.8000030517578,148.9600067138672,147.06263732910156,74588300
AAPL,11/2/2021,148.66000366210938,151.57000732421875,148.64999389648438,150.02000427246094,148.10911560058594,69122000
AAPL,11/3/2021,150.38999938964844,151.97000122070312,149.82000732421875,151.49000549316406,149.5604248046875,54511500
AAPL,11/4/2021,151.5800018310547,152.42999267578125,150.63999938964844,150.9600067138672,149.03713989257812,60394600
AAPL,11/5/2021,151.88999938964844,152.1999969482422,150.05999755859375,151.27999877929688,149.57102966308594,65463900
AAPL,11/8/2021,151.41000366210938,151.57000732421875,150.16000366210938,150.44000244140625,148.74053955078125,55020900
AAPL,11/9/2021,150.1999969482422,151.42999267578125,150.05999755859375,150.80999755859375,149.1063232421875,56787900
AAPL,11/10/2021,150.02000427246094,150.1300048828125,147.85000610351562,147.9199981689453,146.24900817871094,65187100
AAPL,11/11/2021,148.9600067138672,149.42999267578125,147.67999267578125,147.8699951171875,146.19956970214844,41000000
AAPL,11/12/2021,148.42999267578125,150.39999389648438,147.47999572753906,149.99000549316406,148.29562377929688,63804000
AAPL,11/15/2021,150.3699951171875,151.8800048828125,149.42999267578125,150,148.3054962158203,59222800
AAPL,11/16/2021,149.94000244140625,151.49000549316406,149.33999633789062,151,149.29420471191406,59256200
AAPL,11/17/2021,151,155,150.99000549316406,153.49000549316406,151.75608825683594,88807000
AAPL,11/18/2021,153.7100067138672,158.6699981689453,153.0500030517578,157.8699951171875,156.08657836914062,137827700
AAPL,11/19/2021,157.64999389648438,161.02000427246094,156.52999877929688,160.5500030517578,158.7363281,117305600
AAPL,11/22/2021,161.67999267578125,165.6999969482422,161,161.02000427246094,159.20101928710938,117467900
AAPL,11/23/2021,161.1199951171875,161.8000030517578,159.05999755859375,161.41000366210938,159.5866241455078,96041900
AAPL,11/24/2021,160.75,162.13999938964844,159.63999938964844,161.94000244140625,160.11061096191406,69463600
AAPL,11/26/2021,159.57000732421875,160.4499969482422,156.36000061035156,156.80999755859375,155.0385742,76959800
AAPL,11/29/2021,159.3699951171875,161.19000244140625,158.7899932861328,160.24000549316406,158.42982482910156,88748200
AAPL,11/30/2021,159.99000549316406,165.52000427246094,159.9199981689453,165.3000030517578,163.43267822265625,174048100
AAPL,12/1/2021,167.47999572753906,170.3000030517578,164.52999877929688,164.77000427246094,162.9086456298828,152052500
AAPL,12/2/2021,158.74000549316406,164.1999969482422,157.8000030517578,163.75999450683594,161.91004943847656,136739200
AAPL,12/3/2021,164.02000427246094,164.9600067138672,159.72000122070312,161.83999633789062,160.0117645263672,118023100
AAPL,12/6/2021,164.2899932861328,167.8800048828125,164.27999877929688,165.32000732421875,163.45245361328125,107497000
AAPL,12/7/2021,169.0800018310547,171.5800018310547,168.33999633789062,171.17999267578125,169.2462158203125,120405400
AAPL,12/8/2021,172.1300048828125,175.9600067138672,170.6999969482422,175.0800018310547,173.1021728515625,116998900
AAPL,12/9/2021,174.91000366210938,176.75,173.9199981689453,174.55999755859375,172.5880584716797,108923700
AAPL,12/10/2021,175.2100067138672,179.6300048828125,174.69000244140625,179.4499969482422,177.42282104492188,115402700
AAPL,12/13/2021,181.1199951171875,182.1300048828125,175.52999877929688,175.74000549316406,173.75474548339844,153237000
AAPL,12/14/2021,175.25,177.74000549316406,172.2100067138672,174.3300018310547,172.36065673828125,139380400
AAPL,12/15/2021,175.11000061035156,179.5,172.30999755859375,179.3000030517578,177.2745361328125,131063300
AAPL,12/16/2021,179.27999877929688,181.13999938964844,170.75,172.25999450683594,170.3140106201172,150185800
AAPL,12/17/2021,169.92999267578125,173.47000122070312,169.69000244140625,171.13999938964844,169.20669555664062,195432700
AAPL,12/20/2021,168.27999877929688,170.5800018310547,167.4600067138672,169.75,167.8323974609375,107499100
AAPL,12/21/2021,171.55999755859375,173.1999969482422,169.1199951171875,172.99000549316406,171.03578186035156,91185900
AAPL,12/22/2021,173.0399932861328,175.86000061035156,172.14999389648438,175.63999938964844,173.65585327148438,92135300
AAPL,12/23/2021,175.85000610351562,176.85000610351562,175.27000427246094,176.27999877929688,174.2886199951172,68356600
AAPL,12/27/2021,177.08999633789062,180.4199981689453,177.07000732421875,180.3300018310547,178.29287719726562,74919600
AAPL,12/28/2021,180.16000366210938,181.3300018310547,178.52999877929688,179.2899932861328,177.26461791992188,79144300
AAPL,12/29/2021,179.3300018310547,180.6300048828125,178.13999938964844,179.3800048828125,177.3536376953125,62348900
AAPL,12/30/2021,179.47000122070312,180.57000732421875,178.08999633789062,178.1999969482422,176.18692016601562,59773000
AAPL,12/31/2021,178.08999633789062,179.22999572753906,177.25999450683594,177.57000732421875,175.5640411376953,64062300
AAPL,1/3/2022,177.8300018310547,182.8800048828125,177.7100067138672,182.00999450683594,179.95387268066406,104487900
AAPL,1/4/2022,182.6300048828125,182.94000244140625,179.1199951171875,179.6999969482422,177.6699981689453,99310400
AAPL,1/5/2022,179.61000061035156,180.1699981689453,174.63999938964844,174.9199981689453,172.94398498535156,94537600
AAPL,1/6/2022,172.6999969482422,175.3000030517578,171.63999938964844,172,170.05697631835938,96904000
AAPL,1/7/2022,172.88999938964844,174.13999938964844,171.02999877929688,172.1699981689453,170.22503662109375,86709100
AAPL,1/10/2022,169.0800018310547,172.5,168.1699981689453,172.19000244140625,170.2448272705078,106765600
AAPL,1/11/2022,172.32000732421875,175.17999267578125,170.82000732421875,175.0800018310547,173.1021728515625,76138300
AAPL,1/12/2022,176.1199951171875,177.17999267578125,174.82000732421875,175.52999877929688,173.54708862304688,74805200
AAPL,1/13/2022,175.77999877929688,176.6199951171875,171.7899932861328,172.19000244140625,170.2448272705078,84505800
AAPL,1/14/2022,171.33999633789062,173.77999877929688,171.08999633789062,173.07000732421875,171.11488342285156,80440800
AAPL,1/18/2022,171.50999450683594,172.5399932861328,169.41000366210938,169.8000030517578,167.8818359,90956700
AAPL,1/19/2022,170,171.0800018310547,165.94000244140625,166.22999572753906,164.3521728515625,94815000
AAPL,1/20/2022,166.97999572753906,169.67999267578125,164.17999267578125,164.50999450683594,162.65159606933594,91420500
AAPL,1/21/2022,164.4199981689453,166.3300018310547,162.3000030517578,162.41000366210938,160.5753173828125,122848900
AAPL,1/24/2022,160.02000427246094,162.3000030517578,154.6999969482422,161.6199951171875,159.79425048828125,162294600
AAPL,1/25/2022,158.97999572753906,162.75999450683594,157.02000427246094,159.77999877929688,157.9750213623047,115798400
AAPL,1/26/2022,163.5,164.38999938964844,157.82000732421875,159.69000244140625,157.8860321044922,108275300
AAPL,1/27/2022,162.4499969482422,163.83999633789062,158.27999877929688,159.22000122070312,157.4213409423828,121954600
AAPL,1/28/2022,165.7100067138672,170.35000610351562,162.8000030517578,170.3300018310547,168.40586853027344,179935700
AAPL,1/31/2022,170.16000366210938,175,169.50999450683594,174.77999877929688,172.80555725097656,115541600
AAPL,2/1/2022,174.00999450683594,174.83999633789062,172.30999755859375,174.61000061035156,172.63748168945312,86213900
AAPL,2/2/2022,174.75,175.8800048828125,173.3300018310547,175.83999633789062,173.8535919189453,84914300
AAPL,2/3/2022,174.47999572753906,176.24000549316406,172.1199951171875,172.89999389648438,170.9467773,89418100
AAPL,2/4/2022,171.67999267578125,174.10000610351562,170.67999267578125,172.38999938964844,170.6597137451172,82465400
AAPL,2/7/2022,172.86000061035156,173.9499969482422,170.9499969482422,171.66000366210938,169.93704223632812,77251200
AAPL,2/8/2022,171.72999572753906,175.35000610351562,171.42999267578125,174.8300018310547,173.0752410888672,74829200
AAPL,2/9/2022,176.0500030517578,176.64999389648438,174.89999389648438,176.27999877929688,174.51068115234375,71285000
AAPL,2/10/2022,174.13999938964844,175.47999572753906,171.5500030517578,172.1199951171875,170.39244079589844,90865900
AAPL,2/11/2022,172.3300018310547,173.0800018310547,168.0399932861328,168.63999938964844,166.94735717773438,98670700
AAPL,2/14/2022,167.3699951171875,169.5800018310547,166.55999755859375,168.8800048828125,167.18495178222656,86185500
AAPL,2/15/2022,170.97000122070312,172.9499969482422,170.25,172.7899932861328,171.0557098388672,62527400
AAPL,2/16/2022,171.85000610351562,173.33999633789062,170.0500030517578,172.5500030517578,170.81813049316406,61177400
AAPL,2/17/2022,171.02999877929688,171.91000366210938,168.47000122070312,168.8800048828125,167.18495178222656,69589300
AAPL,2/18/2022,169.82000732421875,170.5399932861328,166.19000244140625,167.3000030517578,165.6208038330078,82772700
AAPL,2/22/2022,164.97999572753906,166.69000244140625,162.14999389648438,164.32000732421875,162.6707305908203,91162800
AAPL,2/23/2022,165.5399932861328,166.14999389648438,159.75,160.07000732421875,158.46339416503906,90009200
AAPL,2/24/2022,152.5800018310547,162.85000610351562,152,162.74000549316406,161.10658264160156,141147500
AAPL,2/25/2022,163.83999633789062,165.1199951171875,160.8699951171875,164.85000610351562,163.19540405273438,91974200
AAPL,2/28/2022,163.05999755859375,165.4199981689453,162.42999267578125,165.1199951171875,163.46270751953125,95056600
AAPL,3/1/2022,164.6999969482422,166.60000610351562,161.97000122070312,163.1999969482422,161.56195068359375,83474400
AAPL,3/2/2022,164.38999938964844,167.36000061035156,162.9499969482422,166.55999755859375,164.8882293701172,79724800
AAPL,3/3/2022,168.47000122070312,168.91000366210938,165.5500030517578,166.22999572753906,164.5615692138672,76678400
AAPL,3/4/2022,164.49000549316406,165.5500030517578,162.10000610351562,163.1699981689453,161.53224182128906,83737200
AAPL,3/7/2022,163.36000061035156,165.02000427246094,159.0399932861328,159.3000030517578,157.7010955810547,96418800
AAPL,3/8/2022,158.82000732421875,162.8800048828125,155.8000030517578,157.44000244140625,155.8597869873047,131148300
AAPL,3/9/2022,161.47999572753906,163.41000366210938,159.41000366210938,162.9499969482422,161.3144531,91454900
AAPL,3/10/2022,160.1999969482422,160.38999938964844,155.97999572753906,158.52000427246094,156.92893981933594,105342000
AAPL,3/11/2022,158.92999267578125,159.27999877929688,154.5,154.72999572753906,153.17697143554688,96970100
AAPL,3/14/2022,151.4499969482422,154.1199951171875,150.10000610351562,150.6199951171875,149.10821533203125,108732100
AAPL,3/15/2022,150.89999389648438,155.57000732421875,150.3800048828125,155.08999633789062,153.53335571289062,92964300
AAPL,3/16/2022,157.0500030517578,160,154.4600067138672,159.58999633789062,157.98817443847656,102300200
AAPL,3/17/2022,158.61000061035156,161,157.6300048828125,160.6199951171875,159.0078582763672,75615400
AAPL,3/18/2022,160.50999450683594,164.47999572753906,159.75999450683594,163.97999572753906,162.33412170410156,123511700
AAPL,3/21/2022,163.50999450683594,166.35000610351562,163.00999450683594,165.3800048828125,163.7200927734375,95811400
AAPL,3/22/2022,165.50999450683594,169.4199981689453,164.91000366210938,168.82000732421875,167.12554931640625,81532000
AAPL,3/23/2022,167.99000549316406,172.63999938964844,167.64999389648438,170.2100067138672,168.50161743164062,98062700
AAPL,3/24/2022,171.05999755859375,174.13999938964844,170.2100067138672,174.07000732421875,172.32289123535156,90131400
AAPL,3/25/2022,173.8800048828125,175.27999877929688,172.75,174.72000122070312,172.96633911132812,80546200
AAPL,3/28/2022,172.1699981689453,175.72999572753906,172,175.60000610351562,173.83750915527344,90371900
AAPL,3/29/2022,176.69000244140625,179.00999450683594,176.33999633789062,178.9600067138672,177.16378784179688,100589400
AAPL,3/30/2022,178.5500030517578,179.61000061035156,176.6999969482422,177.77000427246094,175.98573303222656,92633200
AAPL,3/31/2022,177.83999633789062,178.02999877929688,174.39999389648438,174.61000061035156,172.85743713378906,103049300
AAPL,4/1/2022,174.02999877929688,174.8800048828125,171.94000244140625,174.30999755859375,172.56045532226562,78751300
AAPL,4/4/2022,174.57000732421875,178.49000549316406,174.44000244140625,178.44000244140625,176.64898681640625,76468400
AAPL,4/5/2022,177.5,178.3000030517578,174.4199981689453,175.05999755859375,173.3029327392578,73401800
AAPL,4/6/2022,172.36000061035156,173.6300048828125,170.1300048828125,171.8300018310547,170.10536193847656,89058800
AAPL,4/7/2022,171.16000366210938,173.36000061035156,169.85000610351562,172.13999938964844,170.4122314453125,77594700
AAPL,4/8/2022,171.77999877929688,171.77999877929688,169.1999969482422,170.08999633789062,168.38282775878906,76575500
AAPL,4/11/2022,168.7100067138672,169.02999877929688,165.5,165.75,164.0863800048828,72246700
AAPL,4/12/2022,168.02000427246094,169.8699951171875,166.63999938964844,167.66000366210938,165.97720336914062,79265200
AAPL,4/13/2022,167.38999938964844,171.0399932861328,166.77000427246094,170.39999389648438,168.68971252441406,70618900
AAPL,4/14/2022,170.6199951171875,171.27000427246094,165.0399932861328,165.2899932861328,163.6309814453125,75329400
AAPL,4/18/2022,163.9199981689453,166.60000610351562,163.57000732421875,165.07000732421875,163.4132080078125,69023900
AAPL,4/19/2022,165.02000427246094,167.82000732421875,163.91000366210938,167.39999389648438,165.7198028564453,67723800
AAPL,4/20/2022,168.75999450683594,168.8800048828125,166.10000610351562,167.22999572753906,165.5515137,67929800
AAPL,4/21/2022,168.91000366210938,171.52999877929688,165.91000366210938,166.4199981689453,164.7496337890625,87227800
AAPL,4/22/2022,166.4600067138672,167.8699951171875,161.5,161.7899932861328,160.16610717773438,84882400
AAPL,4/25/2022,161.1199951171875,163.1699981689453,158.4600067138672,162.8800048828125,161.2451629638672,96046400
AAPL,4/26/2022,162.25,162.33999633789062,156.72000122070312,156.8000030517578,155.22621154785156,95623200
AAPL,4/27/2022,155.91000366210938,159.7899932861328,155.3800048828125,156.57000732421875,154.9985352,88063200
AAPL,4/28/2022,159.25,164.52000427246094,158.92999267578125,163.63999938964844,161.9975586,130216800
AAPL,4/29/2022,161.83999633789062,166.1999969482422,157.25,157.64999389648438,156.06765747070312,131747600
AAPL,5/2/2022,156.7100067138672,158.22999572753906,153.27000427246094,157.9600067138672,156.37457275390625,123055300
AAPL,5/3/2022,158.14999389648438,160.7100067138672,156.32000732421875,159.47999572753906,157.87930297851562,88966500
AAPL,5/4/2022,159.6699981689453,166.47999572753906,159.25999450683594,166.02000427246094,164.35366821289062,108256500
AAPL,5/5/2022,163.85000610351562,164.0800018310547,154.9499969482422,156.77000427246094,155.19650268554688,130525300
AAPL,5/6/2022,156.00999450683594,159.44000244140625,154.17999267578125,157.27999877929688,155.9301300048828,116124600
AAPL,5/9/2022,154.92999267578125,155.8300018310547,151.49000549316406,152.05999755859375,150.75494384765625,131577900
AAPL,5/10/2022,155.52000427246094,156.74000549316406,152.92999267578125,154.50999450683594,153.1839141845703,115366700
AAPL,5/11/2022,153.5,155.4499969482422,145.80999755859375,146.5,145.24266052246094,142689800
AAPL,5/12/2022,142.77000427246094,146.1999969482422,138.8000030517578,142.55999755859375,141.3365020751953,182602000
AAPL,5/13/2022,144.58999633789062,148.10000610351562,143.11000061035156,147.11000061035156,145.84744262695312,113990900
AAPL,5/16/2022,145.5500030517578,147.52000427246094,144.17999267578125,145.5399932861328,144.29090881347656,86643800
AAPL,5/17/2022,148.86000061035156,149.77000427246094,146.67999267578125,149.24000549316406,147.95916748046875,78336300
AAPL,5/18/2022,146.85000610351562,147.36000061035156,139.89999389648438,140.82000732421875,139.61141967773438,109742900
AAPL,5/19/2022,139.8800048828125,141.66000366210938,136.60000610351562,137.35000610351562,136.1711883544922,136095600
AAPL,5/20/2022,139.08999633789062,140.6999969482422,132.61000061035156,137.58999633789062,136.40911865234375,137426100
AAPL,5/23/2022,137.7899932861328,143.25999450683594,137.64999389648438,143.11000061035156,141.8817596435547,117726300
AAPL,5/24/2022,140.80999755859375,141.97000122070312,137.3300018310547,140.36000061035156,139.1553497314453,104132700
AAPL,5/25/2022,138.42999267578125,141.7899932861328,138.33999633789062,140.52000427246094,139.31399536132812,92482700
AAPL,5/26/2022,137.38999938964844,144.33999633789062,137.13999938964844,143.77999877929688,142.54600524902344,90601500
AAPL,5/27/2022,145.38999938964844,149.67999267578125,145.25999450683594,149.63999938964844,148.35572814941406,90978500
AAPL,5/31/2022,149.07000732421875,150.66000366210938,146.83999633789062,148.83999633789062,147.5625762939453,103718400
AAPL,6/1/2022,149.89999389648438,151.74000549316406,147.67999267578125,148.7100067138672,147.4337158203125,74286600
AAPL,6/2/2022,147.8300018310547,151.27000427246094,146.86000061035156,151.2100067138672,149.91224670410156,72348100
AAPL,6/3/2022,146.89999389648438,147.97000122070312,144.4600067138672,145.3800048828125,144.1322784423828,88570300
AAPL,6/6/2022,147.02999877929688,148.57000732421875,144.89999389648438,146.13999938964844,144.88575744628906,71598400
AAPL,6/7/2022,144.35000610351562,149,144.10000610351562,148.7100067138672,147.4337158203125,67808200
AAPL,6/8/2022,148.5800018310547,149.8699951171875,147.4600067138672,147.9600067138672,146.6901397705078,53950200
AAPL,6/9/2022,147.0800018310547,147.9499969482422,142.52999877929688,142.63999938964844,141.4158172607422,69473000
AAPL,6/10/2022,140.27999877929688,140.75999450683594,137.05999755859375,137.1300048828125,135.95309448242188,91437900
AAPL,6/13/2022,132.8699951171875,135.1999969482422,131.44000244140625,131.8800048828125,130.74813842773438,122207100
AAPL,6/14/2022,133.1300048828125,133.88999938964844,131.47999572753906,132.75999450683594,131.62059020996094,84784300
AAPL,6/15/2022,134.2899932861328,137.33999633789062,132.16000366210938,135.42999267578125,134.2676544189453,91533000
AAPL,6/16/2022,132.0800018310547,132.38999938964844,129.0399932861328,130.05999755859375,128.94375610351562,108123900
AAPL,6/17/2022,130.07000732421875,133.0800018310547,129.80999755859375,131.55999755859375,130.43089294433594,134520300
AAPL,6/21/2022,133.4199981689453,137.05999755859375,133.32000732421875,135.8699951171875,134.70388793945312,81000500
AAPL,6/22/2022,134.7899932861328,137.75999450683594,133.91000366210938,135.35000610351562,134.1883544921875,73409200
AAPL,6/23/2022,136.82000732421875,138.58999633789062,135.6300048828125,138.27000427246094,137.08331298828125,72433800
AAPL,6/24/2022,139.89999389648438,141.91000366210938,139.77000427246094,141.66000366210938,140.4442138671875,89116800
AAPL,6/27/2022,142.6999969482422,143.49000549316406,140.97000122070312,141.66000366210938,140.4442138671875,70207900
AAPL,6/28/2022,142.1300048828125,143.4199981689453,137.32000732421875,137.44000244140625,136.26040649414062,67083400
AAPL,6/29/2022,137.4600067138672,140.6699981689453,136.6699981689453,139.22999572753906,138.03506469726562,66242400
AAPL,6/30/2022,137.25,138.3699951171875,133.77000427246094,136.72000122070312,135.54660034179688,98964500
AAPL,7/1/2022,136.0399932861328,139.0399932861328,135.66000366210938,138.92999267578125,137.73764038085938,71051600
AAPL,7/5/2022,137.77000427246094,141.61000061035156,136.92999267578125,141.55999755859375,140.3450469970703,73353800
AAPL,7/6/2022,141.35000610351562,144.1199951171875,141.0800018310547,142.9199981689453,141.69337463378906,74064300
AAPL,7/7/2022,143.2899932861328,146.5500030517578,143.27999877929688,146.35000610351562,145.09396362304688,66253700
AAPL,7/8/2022,145.25999450683594,147.5500030517578,145,147.0399932861328,145.77801513671875,64547800
AAPL,7/11/2022,145.6699981689453,146.63999938964844,143.77999877929688,144.8699951171875,143.62664794921875,63141600
AAPL,7/12/2022,145.75999450683594,148.4499969482422,145.0500030517578,145.86000061035156,144.60816955566406,77588800
AAPL,7/13/2022,142.99000549316406,146.4499969482422,142.1199951171875,145.49000549316406,144.2413330078125,71185600
AAPL,7/14/2022,144.0800018310547,148.9499969482422,143.25,148.47000122070312,147.1957550048828,78140700
AAPL,7/15/2022,149.77999877929688,150.86000061035156,148.1999969482422,150.1699981689453,148.88116455078125,76259900
AAPL,7/18/2022,150.74000549316406,151.57000732421875,146.6999969482422,147.07000732421875,145.8077850341797,81420900
AAPL,7/19/2022,147.9199981689453,151.22999572753906,146.91000366210938,151,149.70404052734375,82982400
AAPL,7/20/2022,151.1199951171875,153.72000122070312,150.3699951171875,153.0399932861328,151.72653198242188,64823400
AAPL,7/21/2022,154.5,155.57000732421875,151.94000244140625,155.35000610351562,154.01670837402344,65086600
AAPL,7/22/2022,155.38999938964844,156.27999877929688,153.41000366210938,154.08999633789062,152.76751708984375,66675400
AAPL,7/25/2022,154.00999450683594,155.0399932861328,152.27999877929688,152.9499969482422,151.6373291015625,53623900
AAPL,7/26/2022,152.25999450683594,153.08999633789062,150.8000030517578,151.60000610351562,150.2989044189453,55138700
AAPL,7/27/2022,152.5800018310547,157.3300018310547,152.16000366210938,156.7899932861328,155.44436645507812,78620700
AAPL,7/28/2022,156.97999572753906,157.63999938964844,154.41000366210938,157.35000610351562,155.99954223632812,81378700
AAPL,7/29/2022,161.24000549316406,163.6300048828125,159.5,162.50999450683594,161.11524963378906,101786900
AAPL,8/1/2022,161.00999450683594,163.58999633789062,160.88999938964844,161.50999450683594,160.1238555908203,67829400
AAPL,8/2/2022,160.10000610351562,162.41000366210938,159.6300048828125,160.00999450683594,158.63670349121094,59907000
AAPL,8/3/2022,160.83999633789062,166.58999633789062,160.75,166.1300048828125,164.70420837402344,82507500
AAPL,8/4/2022,166.00999450683594,167.19000244140625,164.42999267578125,165.80999755859375,164.38694763183594,55474100
AAPL,8/5/2022,163.2100067138672,165.85000610351562,163,165.35000610351562,164.15859985351562,56697000
AAPL,8/8/2022,166.3699951171875,167.80999755859375,164.1999969482422,164.8699951171875,163.68203735351562,60276900
AAPL,8/9/2022,164.02000427246094,165.82000732421875,163.25,164.9199981689453,163.7316895,63135500
AAPL,8/10/2022,167.67999267578125,169.33999633789062,166.89999389648438,169.24000549316406,168.02056884765625,70170500
AAPL,8/11/2022,170.05999755859375,170.99000549316406,168.19000244140625,168.49000549316406,167.27597045898438,57149200
AAPL,8/12/2022,169.82000732421875,172.1699981689453,169.39999389648438,172.10000610351562,170.85995483398438,68039400
AAPL,8/15/2022,171.52000427246094,173.38999938964844,171.35000610351562,173.19000244140625,171.9420928955078,54091700
AAPL,8/16/2022,172.77999877929688,173.7100067138672,171.66000366210938,173.02999877929688,171.78323364257812,56377100
AAPL,8/17/2022,172.77000427246094,176.14999389648438,172.57000732421875,174.5500030517578,173.2923126220703,79542000
AAPL,8/18/2022,173.75,174.89999389648438,173.1199951171875,174.14999389648438,172.8951873779297,62290100
AAPL,8/19/2022,173.02999877929688,173.74000549316406,171.30999755859375,171.52000427246094,170.2841339111328,70346300
AAPL,8/22/2022,169.69000244140625,169.86000061035156,167.13999938964844,167.57000732421875,166.3625946044922,69026800
AAPL,8/23/2022,167.0800018310547,168.7100067138672,166.64999389648438,167.22999572753906,166.02503967285156,54147100
AAPL,8/24/2022,167.32000732421875,168.11000061035156,166.25,167.52999877929688,166.32289123535156,53841500
AAPL,8/25/2022,168.77999877929688,170.13999938964844,168.35000610351562,170.02999877929688,168.80487060546875,51218200
AAPL,8/26/2022,170.57000732421875,171.0500030517578,163.55999755859375,163.6199951171875,162.44105529785156,78961000
AAPL,8/29/2022,161.14999389648438,162.89999389648438,159.82000732421875,161.3800048828125,160.2172088623047,73314000
AAPL,8/30/2022,162.1300048828125,162.55999755859375,157.72000122070312,158.91000366210938,157.7650146484375,77906200
AAPL,8/31/2022,160.30999755859375,160.5800018310547,157.13999938964844,157.22000122070312,156.08718872070312,87991100
AAPL,9/1/2022,156.63999938964844,158.4199981689453,154.6699981689453,157.9600067138672,156.8218536376953,74229900
AAPL,9/2/2022,159.75,160.36000061035156,154.97000122070312,155.80999755859375,154.68731689453125,76957800
AAPL,9/6/2022,156.47000122070312,157.08999633789062,153.69000244140625,154.52999877929688,153.4165496826172,73714800
AAPL,9/7/2022,154.82000732421875,156.6699981689453,153.61000061035156,155.9600067138672,154.8362579345703,87449600
AAPL,9/8/2022,154.63999938964844,156.36000061035156,152.67999267578125,154.4600067138672,153.34706115722656,84923800
AAPL,9/9/2022,155.47000122070312,157.82000732421875,154.75,157.3699951171875,156.236084,68028800
AAPL,9/12/2022,159.58999633789062,164.25999450683594,159.3000030517578,163.42999267578125,162.25241088867188,104956000
AAPL,9/13/2022,159.89999389648438,160.5399932861328,153.3699951171875,153.83999633789062,152.7315216064453,122656600
AAPL,9/14/2022,154.7899932861328,157.10000610351562,153.61000061035156,155.30999755859375,154.190918,87965400
AAPL,9/15/2022,154.64999389648438,155.24000549316406,151.3800048828125,152.3699951171875,151.27212524414062,90481100
AAPL,9/16/2022,151.2100067138672,151.35000610351562,148.3699951171875,150.6999969482422,149.6141357421875,162278800
AAPL,9/19/2022,149.30999755859375,154.55999755859375,149.10000610351562,154.47999572753906,153.36691284179688,81474200
AAPL,9/20/2022,153.39999389648438,158.0800018310547,153.0800018310547,156.89999389648438,155.7694854736328,107689800
AAPL,9/21/2022,157.33999633789062,158.74000549316406,153.60000610351562,153.72000122070312,152.6123809814453,101696800
AAPL,9/22/2022,152.3800048828125,154.47000122070312,150.91000366210938,152.74000549316406,151.63946533203125,86652500
AAPL,9/23/2022,151.19000244140625,151.47000122070312,148.55999755859375,150.42999267578125,149.34608459472656,96029900
AAPL,9/26/2022,149.66000366210938,153.77000427246094,149.63999938964844,150.77000427246094,149.68365478515625,93339400
AAPL,9/27/2022,152.74000549316406,154.72000122070312,149.9499969482422,151.75999450683594,150.6665039,84442700
AAPL,9/28/2022,147.63999938964844,150.63999938964844,144.83999633789062,149.83999633789062,148.76034545898438,146691400
AAPL,9/29/2022,146.10000610351562,146.72000122070312,140.67999267578125,142.47999572753906,141.45338439941406,128138200
AAPL,9/30/2022,141.27999877929688,143.10000610351562,138,138.1999969482422,137.2042236328125,124925300
AAPL,10/3/2022,138.2100067138672,143.07000732421875,137.69000244140625,142.4499969482422,141.42359924316406,114311700
AAPL,10/4/2022,145.02999877929688,146.22000122070312,144.25999450683594,146.10000610351562,145.04730224609375,87830100
AAPL,10/5/2022,144.07000732421875,147.3800048828125,143.00999450683594,146.39999389648438,145.34512329101562,79471000
AAPL,10/6/2022,145.80999755859375,147.5399932861328,145.22000122070312,145.42999267578125,144.38211059570312,68402200
AAPL,10/7/2022,142.5399932861328,143.10000610351562,139.4499969482422,140.08999633789062,139.0806121826172,85925600
AAPL,10/10/2022,140.4199981689453,141.88999938964844,138.57000732421875,140.4199981689453,139.40823364257812,74899000
AAPL,10/11/2022,139.89999389648438,141.35000610351562,138.22000122070312,138.97999572753906,137.97860717773438,77033700
AAPL,10/12/2022,139.1300048828125,140.36000061035156,138.16000366210938,138.33999633789062,137.34320068359375,70433700
AAPL,10/13/2022,134.99000549316406,143.58999633789062,134.3699951171875,142.99000549316406,141.9597168,113224000
AAPL,10/14/2022,144.30999755859375,144.52000427246094,138.19000244140625,138.3800048828125,137.38294982910156,88598000
AAPL,10/17/2022,141.07000732421875,142.89999389648438,140.27000427246094,142.41000366210938,141.38388061523438,85250900
AAPL,10/18/2022,145.49000549316406,146.6999969482422,140.61000061035156,143.75,142.7142333984375,99136600
AAPL,10/19/2022,141.69000244140625,144.9499969482422,141.5,143.86000061035156,142.82342529296875,61758300
AAPL,10/20/2022,143.02000427246094,145.88999938964844,142.64999389648438,143.38999938964844,142.35682678222656,64522000
AAPL,10/21/2022,142.8699951171875,147.85000610351562,142.64999389648438,147.27000427246094,146.2088623046875,86548600
AAPL,10/24/2022,147.19000244140625,150.22999572753906,146,149.4499969482422,148.37313842773438,75981900
AAPL,10/25/2022,150.08999633789062,152.49000549316406,149.36000061035156,152.33999633789062,151.24234008789062,74732300
AAPL,10/26/2022,150.9600067138672,151.99000549316406,148.0399932861328,149.35000610351562,148.2738800048828,88194300
AAPL,10/27/2022,148.07000732421875,149.0500030517578,144.1300048828125,144.8000030517578,143.7566680908203,109180200
AAPL,10/28/2022,148.1999969482422,157.5,147.82000732421875,155.74000549316406,154.6178436279297,164762400
AAPL,10/31/2022,153.16000366210938,154.24000549316406,151.9199981689453,153.33999633789062,152.2351074,97943200
AAPL,11/1/2022,155.0800018310547,155.4499969482422,149.1300048828125,150.64999389648438,149.56451416015625,80379300
AAPL,11/2/2022,148.9499969482422,152.1699981689453,145,145.02999877929688,143.98501586914062,93604600
AAPL,11/3/2022,142.05999755859375,142.8000030517578,138.75,138.8800048828125,137.87933349609375,97918500
AAPL,11/4/2022,142.08999633789062,142.6699981689453,134.3800048828125,138.3800048828125,137.6108398,140814800
AAPL,11/7/2022,137.11000061035156,139.14999389648438,135.6699981689453,138.9199981689453,138.14781188964844,83374600
AAPL,11/8/2022,140.41000366210938,141.42999267578125,137.49000549316406,139.5,138.72459411621094,89908500
AAPL,11/9/2022,138.5,138.5500030517578,134.58999633789062,134.8699951171875,134.12034606933594,74917800
AAPL,11/10/2022,141.24000549316406,146.8699951171875,139.5,146.8699951171875,146.05364990234375,118854000
AAPL,11/11/2022,145.82000732421875,150.00999450683594,144.3699951171875,149.6999969482422,148.86788940429688,93979700
AAPL,11/14/2022,148.97000122070312,150.27999877929688,147.42999267578125,148.27999877929688,147.45578002929688,73374100
AAPL,11/15/2022,152.22000122070312,153.58999633789062,148.55999755859375,150.0399932861328,149.2060089111328,89868300
AAPL,11/16/2022,149.1300048828125,149.8699951171875,147.2899932861328,148.7899932861328,147.96295166015625,64218300
AAPL,11/17/2022,146.42999267578125,151.47999572753906,146.14999389648438,150.72000122070312,149.88223266601562,80389400
AAPL,11/18/2022,152.30999755859375,152.6999969482422,149.97000122070312,151.2899932861328,150.44906616210938,74829600
AAPL,11/21/2022,150.16000366210938,150.3699951171875,147.72000122070312,148.00999450683594,147.1873016357422,58724100
AAPL,11/22/2022,148.1300048828125,150.4199981689453,146.92999267578125,150.17999267578125,149.3452148,51804100
AAPL,11/23/2022,149.4499969482422,151.8300018310547,149.33999633789062,151.07000732421875,150.23028564453125,58301400
AAPL,11/25/2022,148.30999755859375,148.8800048828125,147.1199951171875,148.11000061035156,147.2867431640625,35195900
AAPL,11/28/2022,145.13999938964844,146.63999938964844,143.3800048828125,144.22000122070312,143.41836547851562,69246000
AAPL,11/29/2022,144.2899932861328,144.80999755859375,140.35000610351562,141.1699981689453,140.3852996826172,83763800
AAPL,11/30/2022,141.39999389648438,148.72000122070312,140.5500030517578,148.02999877929688,147.20718383789062,111380900
AAPL,12/1/2022,148.2100067138672,149.1300048828125,146.61000061035156,148.30999755859375,147.4856414794922,71250400
AAPL,12/2/2022,145.9600067138672,148,145.64999389648438,147.80999755859375,146.98841857910156,65447400
AAPL,12/5/2022,147.77000427246094,150.9199981689453,145.77000427246094,146.6300048828125,145.81497192382812,68826400
AAPL,12/6/2022,147.07000732421875,147.3000030517578,141.9199981689453,142.91000366210938,142.1156463623047,64727200
AAPL,12/7/2022,142.19000244140625,143.3699951171875,140,140.94000244140625,140.15658569335938,69721100
AAPL,12/8/2022,142.36000061035156,143.52000427246094,141.10000610351562,142.64999389648438,141.85708618164062,62128300
AAPL,12/9/2022,142.33999633789062,145.57000732421875,140.89999389648438,142.16000366210938,141.36981201171875,76097000
AAPL,12/12/2022,142.6999969482422,144.5,141.05999755859375,144.49000549316406,143.68685913085938,70462700
AAPL,12/13/2022,149.5,149.97000122070312,144.24000549316406,145.47000122070312,144.6614227294922,93886200
AAPL,12/14/2022,145.35000610351562,146.66000366210938,141.16000366210938,143.2100067138672,142.4139862060547,82291200
AAPL,12/15/2022,141.11000061035156,141.8000030517578,136.02999877929688,136.5,135.74127197265625,98931900
AAPL,12/16/2022,136.69000244140625,137.64999389648438,133.72999572753906,134.50999450683594,133.7623291015625,160156900
AAPL,12/19/2022,135.11000061035156,135.1999969482422,131.32000732421875,132.3699951171875,131.63421630859375,79592600
AAPL,12/20/2022,131.38999938964844,133.25,129.88999938964844,132.3000030517578,131.5646209716797,77432800
AAPL,12/21/2022,132.97999572753906,136.80999755859375,132.75,135.4499969482422,134.69711303710938,85928000
AAPL,12/22/2022,134.35000610351562,134.55999755859375,130.3000030517578,132.22999572753906,131.4949951171875,77852100
AAPL,12/23/2022,130.9199981689453,132.4199981689453,129.63999938964844,131.86000061035156,131.12704467773438,63814900
AAPL,12/27/2022,131.3800048828125,131.41000366210938,128.72000122070312,130.02999877929688,129.3072509765625,69007800
AAPL,12/28/2022,129.6699981689453,131.02999877929688,125.87000274658203,126.04000091552734,125.33941650390625,85438400
AAPL,12/29/2022,127.98999786376953,130.47999572753906,127.7300033569336,129.61000061035156,128.8895721435547,75703700
AAPL,12/30/2022,128.41000366210938,129.9499969482422,127.43000030517578,129.92999267578125,129.20779418945312,77034200
AAPL,1/3/2023,130.27999877929688,130.89999389648438,124.16999816894531,125.06999969482422,124.37480163574219,112117500
AAPL,1/4/2023,126.88999938964844,128.66000366210938,125.08000183105469,126.36000061035156,125.65763854980469,89113600
AAPL,1/5/2023,127.12999725341797,127.7699966430664,124.76000213623047,125.0199966430664,124.32508087158203,80962700
AAPL,1/6/2023,126.01000213623047,130.2899932861328,124.88999938964844,129.6199951171875,128.89952087402344,87754700
AAPL,1/9/2023,130.47000122070312,133.41000366210938,129.88999938964844,130.14999389648438,129.42657470703125,70790800
AAPL,1/10/2023,130.25999450683594,131.25999450683594,128.1199951171875,130.72999572753906,130.0033416748047,63896200
AAPL,1/11/2023,131.25,133.50999450683594,130.4600067138672,133.49000549316406,132.74801635742188,69458900
AAPL,1/12/2023,133.8800048828125,134.25999450683594,131.44000244140625,133.41000366210938,132.66847229003906,71379600
AAPL,1/13/2023,132.02999877929688,134.9199981689453,131.66000366210938,134.75999450683594,134.0109405517578,57809700
AAPL,1/17/2023,134.8300018310547,137.2899932861328,134.1300048828125,135.94000244140625,135.1843719482422,63646600
AAPL,1/18/2023,136.82000732421875,138.61000061035156,135.02999877929688,135.2100067138672,134.4584503173828,69672800
AAPL,1/19/2023,134.0800018310547,136.25,133.77000427246094,135.27000427246094,134.5181121826172,58280400
AAPL,1/20/2023,135.27999877929688,138.02000427246094,134.22000122070312,137.8699951171875,137.10366821289062,80223600
AAPL,1/23/2023,138.1199951171875,143.32000732421875,137.89999389648438,141.11000061035156,140.3256378173828,81760300
AAPL,1/24/2023,140.30999755859375,143.16000366210938,140.3000030517578,142.52999877929688,141.7377471923828,66435100
AAPL,1/25/2023,140.88999938964844,142.42999267578125,138.80999755859375,141.86000061035156,141.07147216796875,65799300
AAPL,1/26/2023,143.1699981689453,144.25,141.89999389648438,143.9600067138672,143.15982055664062,54105100
AAPL,1/27/2023,143.16000366210938,147.22999572753906,143.0800018310547,145.92999267578125,145.11883544921875,70555800
AAPL,1/30/2023,144.9600067138672,145.5500030517578,142.85000610351562,143,142.2051544189453,64015300
AAPL,1/31/2023,142.6999969482422,144.33999633789062,142.27999877929688,144.2899932861328,143.4879608154297,65874500
AAPL,2/1/2023,143.97000122070312,146.61000061035156,141.32000732421875,145.42999267578125,144.6216278076172,77663600
AAPL,2/2/2023,148.89999389648438,151.17999267578125,148.1699981689453,150.82000732421875,149.98167419433594,118339000
AAPL,2/3/2023,148.02999877929688,157.3800048828125,147.8300018310547,154.5,153.64122009277344,154357300
AAPL,2/6/2023,152.57000732421875,153.10000610351562,150.77999877929688,151.72999572753906,150.88662719726562,69858300
AAPL,2/7/2023,150.63999938964844,155.22999572753906,150.63999938964844,154.64999389648438,153.79037475585938,83322600
AAPL,2/8/2023,153.8800048828125,154.5800018310547,151.1699981689453,151.9199981689453,151.0755615234375,64120100
AAPL,2/9/2023,153.77999877929688,154.3300018310547,150.4199981689453,150.8699951171875,150.0313720703125,56007100
AAPL,2/10/2023,149.4600067138672,151.33999633789062,149.22000122070312,151.00999450683594,150.3999023,57450700
AAPL,2/13/2023,150.9499969482422,154.25999450683594,150.9199981689453,153.85000610351562,153.2284393310547,62199000
AAPL,2/14/2023,152.1199951171875,153.77000427246094,150.86000061035156,153.1999969482422,152.5810547,61707600
AAPL,2/15/2023,153.11000061035156,155.5,152.8800048828125,155.3300018310547,154.7024383544922,65573800
AAPL,2/16/2023,153.50999450683594,156.3300018310547,153.35000610351562,153.7100067138672,153.08900451660156,68167900
AAPL,2/17/2023,152.35000610351562,153,150.85000610351562,152.5500030517578,151.93368530273438,59144100
AAPL,2/21/2023,150.1999969482422,151.3000030517578,148.41000366210938,148.47999572753906,147.880127,58867200
AAPL,2/22/2023,148.8699951171875,149.9499969482422,147.16000366210938,148.91000366210938,148.3083953857422,51011300
AAPL,2/23/2023,150.08999633789062,150.33999633789062,147.24000549316406,149.39999389648438,148.79641723632812,48394200
AAPL,2/24/2023,147.11000061035156,147.19000244140625,145.72000122070312,146.7100067138672,146.11729431152344,55469600
AAPL,2/27/2023,147.7100067138672,149.1699981689453,147.4499969482422,147.9199981689453,147.32237243652344,44998500
AAPL,2/28/2023,147.0500030517578,149.0800018310547,146.8300018310547,147.41000366210938,146.81443786621094,50547000
AAPL,3/1/2023,146.8300018310547,147.22999572753906,145.00999450683594,145.30999755859375,144.72291564941406,55479000
AAPL,3/2/2023,144.3800048828125,146.7100067138672,143.89999389648438,145.91000366210938,145.3205108642578,52238100
AAPL,3/3/2023,148.0399932861328,151.11000061035156,147.3300018310547,151.02999877929688,150.41981506347656,70732300
AAPL,3/6/2023,153.7899932861328,156.3000030517578,153.4600067138672,153.8300018310547,153.20851135253906,87558000
AAPL,3/7/2023,153.6999969482422,154.02999877929688,151.1300048828125,151.60000610351562,150.98753356933594,56182000
AAPL,3/8/2023,152.80999755859375,153.47000122070312,151.8300018310547,152.8699951171875,152.2523956298828,47204800
AAPL,3/9/2023,153.55999755859375,154.5399932861328,150.22999572753906,150.58999633789062,149.98159790039062,53833600
AAPL,3/10/2023,150.2100067138672,150.94000244140625,147.61000061035156,148.5,147.90003967285156,68572400
AAPL,3/13/2023,147.80999755859375,153.13999938964844,147.6999969482422,150.47000122070312,149.86207580566406,84457100
AAPL,3/14/2023,151.27999877929688,153.39999389648438,150.10000610351562,152.58999633789062,151.97352600097656,73695900
AAPL,3/15/2023,151.19000244140625,153.25,149.9199981689453,152.99000549316406,152.3719024658203,77167900
AAPL,3/16/2023,152.16000366210938,156.4600067138672,151.63999938964844,155.85000610351562,155.22035217285156,76161100
AAPL,3/17/2023,156.0800018310547,156.74000549316406,154.27999877929688,155,154.3737793,98944600
AAPL,3/20/2023,155.07000732421875,157.82000732421875,154.14999389648438,157.39999389648438,156.7640838623047,73641400
AAPL,3/21/2023,157.32000732421875,159.39999389648438,156.5399932861328,159.27999877929688,158.63648986816406,73938300
AAPL,3/22/2023,159.3000030517578,162.13999938964844,157.80999755859375,157.8300018310547,157.19235229492188,75701800
AAPL,3/23/2023,158.8300018310547,161.5500030517578,157.67999267578125,158.92999267578125,158.28790283203125,67622100
AAPL,3/24/2023,158.86000061035156,160.33999633789062,157.85000610351562,160.25,159.60256958007812,59196500
AAPL,3/27/2023,159.94000244140625,160.77000427246094,157.8699951171875,158.27999877929688,157.64053344726562,52390300
AAPL,3/28/2023,157.97000122070312,158.49000549316406,155.97999572753906,157.64999389648438,157.01307678222656,45992200
AAPL,3/29/2023,159.3699951171875,161.0500030517578,159.35000610351562,160.77000427246094,160.1204833984375,51305700
AAPL,3/30/2023,161.52999877929688,162.47000122070312,161.27000427246094,162.36000061035156,161.70404052734375,49501700
AAPL,3/31/2023,162.44000244140625,165,161.91000366210938,164.89999389648438,164.23377990722656,68749800
AAPL,4/3/2023,164.27000427246094,166.2899932861328,164.22000122070312,166.1699981689453,165.49867248535156,56976200
AAPL,4/4/2023,166.60000610351562,166.83999633789062,165.11000061035156,165.6300048828125,164.96083068847656,46278300
AAPL,4/5/2023,164.74000549316406,165.0500030517578,161.8000030517578,163.75999450683594,163.0983887,51511700
AAPL,4/6/2023,162.42999267578125,164.9600067138672,162,164.66000366210938,163.99476623535156,45390100
AAPL,4/10/2023,161.4199981689453,162.02999877929688,160.0800018310547,162.02999877929688,161.37539672851562,47716900
AAPL,4/11/2023,162.35000610351562,162.36000061035156,160.50999450683594,160.8000030517578,160.15036010742188,47644200
AAPL,4/12/2023,161.22000122070312,162.05999755859375,159.77999877929688,160.10000610351562,159.45318603515625,50133100
AAPL,4/13/2023,161.6300048828125,165.8000030517578,161.4199981689453,165.55999755859375,164.8911133,68445600
AAPL,4/14/2023,164.58999633789062,166.32000732421875,163.82000732421875,165.2100067138672,164.54254150390625,49386500
AAPL,4/17/2023,165.08999633789062,165.38999938964844,164.02999877929688,165.22999572753906,164.5624542236328,41516200
AAPL,4/18/2023,166.10000610351562,167.41000366210938,165.64999389648438,166.47000122070312,165.7974395751953,49923000
AAPL,4/19/2023,165.8000030517578,168.16000366210938,165.5399932861328,167.6300048828125,166.95277404785156,47720200
AAPL,4/20/2023,166.08999633789062,167.8699951171875,165.55999755859375,166.64999389648438,165.97669982910156,52456400
AAPL,4/21/2023,165.0500030517578,166.4499969482422,164.49000549316406,165.02000427246094,164.35330200195312,58337300
AAPL,4/24/2023,165,165.60000610351562,163.88999938964844,165.3300018310547,164.66204833984375,41949600
AAPL,4/25/2023,165.19000244140625,166.30999755859375,163.72999572753906,163.77000427246094,163.1083526611328,48714100
AAPL,4/26/2023,163.05999755859375,165.27999877929688,162.8000030517578,163.75999450683594,163.0983887,45498800
AAPL,4/27/2023,165.19000244140625,168.55999755859375,165.19000244140625,168.41000366210938,167.7296142578125,64902300
AAPL,4/28/2023,168.49000549316406,169.85000610351562,167.8800048828125,169.67999267578125,168.9944610595703,55209200
AAPL,5/1/2023,169.27999877929688,170.4499969482422,168.63999938964844,169.58999633789062,168.9048309326172,52472900
AAPL,5/2/2023,170.08999633789062,170.35000610351562,167.5399932861328,168.5399932861328,167.85906982421875,48425700
AAPL,5/3/2023,169.5,170.9199981689453,167.16000366210938,167.4499969482422,166.7734832763672,65136000
AAPL,5/4/2023,164.88999938964844,167.0399932861328,164.30999755859375,165.7899932861328,165.12017822265625,81235400
AAPL,5/5/2023,170.97999572753906,174.3000030517578,170.75999450683594,173.57000732421875,172.8687744140625,113316400
AAPL,5/8/2023,172.47999572753906,173.85000610351562,172.11000061035156,173.5,172.79905700683594,55962800
AAPL,5/9/2023,173.0500030517578,173.5399932861328,171.60000610351562,171.77000427246094,171.07603454589844,45326900
AAPL,5/10/2023,173.02000427246094,174.02999877929688,171.89999389648438,173.55999755859375,172.85879516601562,53724500
AAPL,5/11/2023,173.85000610351562,174.58999633789062,172.1699981689453,173.75,173.04803466796875,49514700
AAPL,5/12/2023,173.6199951171875,174.05999755859375,171,172.57000732421875,172.1105499267578,45497800
AAPL,5/15/2023,173.16000366210938,173.2100067138672,171.47000122070312,172.07000732421875,171.61187744140625,37266700
AAPL,5/16/2023,171.99000549316406,173.13999938964844,171.8000030517578,172.07000732421875,171.61187744140625,42110300
AAPL,5/17/2023,171.7100067138672,172.92999267578125,170.4199981689453,172.69000244140625,172.2302246,57951600
AAPL,5/18/2023,173,175.24000549316406,172.5800018310547,175.0500030517578,174.5839385986328,65496700
AAPL,5/19/2023,176.38999938964844,176.38999938964844,174.94000244140625,175.16000366210938,174.6936492919922,55772400
AAPL,5/22/2023,173.97999572753906,174.7100067138672,173.4499969482422,174.1999969482422,173.73619079589844,43570900
AAPL,5/23/2023,173.1300048828125,173.3800048828125,171.27999877929688,171.55999755859375,171.1032257080078,50747300
AAPL,5/24/2023,171.08999633789062,172.4199981689453,170.52000427246094,171.83999633789062,171.38247680664062,45143500
AAPL,5/25/2023,172.41000366210938,173.89999389648438,171.69000244140625,172.99000549316406,172.5294189453125,56058300
AAPL,5/26/2023,173.32000732421875,175.77000427246094,173.11000061035156,175.42999267578125,174.96290588378906,54835000
AAPL,5/30/2023,176.9600067138672,178.99000549316406,176.57000732421875,177.3000030517578,176.82794189453125,55964400
AAPL,5/31/2023,177.3300018310547,179.35000610351562,176.75999450683594,177.25,176.77806091308594,99625300
AAPL,6/1/2023,177.6999969482422,180.1199951171875,176.92999267578125,180.08999633789062,179.61050415039062,68901800
AAPL,6/2/2023,181.02999877929688,181.77999877929688,179.25999450683594,180.9499969482422,180.4682159423828,61945900
AAPL,6/5/2023,182.6300048828125,184.9499969482422,178.0399932861328,179.5800018310547,179.10186767578125,121946500
AAPL,6/6/2023,179.97000122070312,180.1199951171875,177.42999267578125,179.2100067138672,178.73284912109375,64848400
AAPL,6/7/2023,178.44000244140625,181.2100067138672,177.32000732421875,177.82000732421875,177.3465576171875,61944600
AAPL,6/8/2023,177.89999389648438,180.83999633789062,177.4600067138672,180.57000732421875,180.0892333984375,50214900
AAPL,6/9/2023,181.5,182.22999572753906,180.6300048828125,180.9600067138672,180.4781951904297,48870700
AAPL,6/12/2023,181.27000427246094,183.88999938964844,180.97000122070312,183.7899932861328,183.30064392089844,54274900
AAPL,6/13/2023,182.8000030517578,184.14999389648438,182.44000244140625,183.30999755859375,182.8219451904297,54929100
AAPL,6/14/2023,183.3699951171875,184.38999938964844,182.02000427246094,183.9499969482422,183.46023559570312,57462900
AAPL,6/15/2023,183.9600067138672,186.52000427246094,183.77999877929688,186.00999450683594,185.51473999023438,65433200
AAPL,6/16/2023,186.72999572753906,186.99000549316406,184.27000427246094,184.9199981689453,184.42764282226562,101235600
AAPL,6/20/2023,184.41000366210938,186.10000610351562,184.41000366210938,185.00999450683594,184.5174102783203,49799100
AAPL,6/21/2023,184.89999389648438,185.41000366210938,182.58999633789062,183.9600067138672,183.4702148,49515700
AAPL,6/22/2023,183.74000549316406,187.0500030517578,183.6699981689453,187,186.5021209716797,51245300
AAPL,6/23/2023,185.5500030517578,187.55999755859375,185.00999450683594,186.67999267578125,186.18295288085938,53079300
AAPL,6/26/2023,186.8300018310547,188.0500030517578,185.22999572753906,185.27000427246094,184.7767333984375,48088700
AAPL,6/27/2023,185.88999938964844,188.38999938964844,185.6699981689453,188.05999755859375,187.5592803955078,50730800
AAPL,6/28/2023,187.92999267578125,189.89999389648438,187.60000610351562,189.25,188.74612426757812,51216800
AAPL,6/29/2023,189.0800018310547,190.07000732421875,188.94000244140625,189.58999633789062,189.0852051,46347300
AAPL,6/30/2023,191.6300048828125,194.47999572753906,191.25999450683594,193.97000122070312,193.4535675048828,85069600
AAPL,7/3/2023,193.77999877929688,193.8800048828125,191.75999450683594,192.4600067138672,191.9475860595703,31458200
AAPL,7/5/2023,191.57000732421875,192.97999572753906,190.6199951171875,191.3300018310547,190.82058715820312,46920300
AAPL,7/6/2023,189.83999633789062,192.02000427246094,189.1999969482422,191.80999755859375,191.29930114746094,45094300
AAPL,7/7/2023,191.41000366210938,192.6699981689453,190.24000549316406,190.67999267578125,190.17230224609375,46778000
AAPL,7/10/2023,189.25999450683594,189.99000549316406,187.0399932861328,188.61000061035156,188.1078338623047,59922200
AAPL,7/11/2023,189.16000366210938,189.3000030517578,186.60000610351562,188.0800018310547,187.57925415039062,46638100
AAPL,7/12/2023,189.67999267578125,191.6999969482422,188.47000122070312,189.77000427246094,189.26473999023438,60750200
AAPL,7/13/2023,190.5,191.19000244140625,189.77999877929688,190.5399932861328,190.0326690673828,41342300
AAPL,7/14/2023,190.22999572753906,191.17999267578125,189.6300048828125,190.69000244140625,190.18228149414062,41573900
AAPL,7/17/2023,191.89999389648438,194.32000732421875,191.80999755859375,193.99000549316406,193.4735107421875,50520200
AAPL,7/18/2023,193.35000610351562,194.3300018310547,192.4199981689453,193.72999572753906,193.2141876220703,48353800
AAPL,7/19/2023,193.10000610351562,198.22999572753906,192.64999389648438,195.10000610351562,194.58055114746094,80507300
AAPL,7/20/2023,195.08999633789062,196.47000122070312,192.5,193.1300048828125,192.6157989501953,59581200
AAPL,7/21/2023,194.10000610351562,194.97000122070312,191.22999572753906,191.94000244140625,191.42897033691406,71917800
AAPL,7/24/2023,193.41000366210938,194.91000366210938,192.25,192.75,192.23680114746094,45377800
AAPL,7/25/2023,193.3300018310547,194.44000244140625,192.9199981689453,193.6199951171875,193.1044922,37283200
AAPL,7/26/2023,193.6699981689453,195.63999938964844,193.32000732421875,194.5,193.98214721679688,47471900
AAPL,7/27/2023,196.02000427246094,197.1999969482422,192.5500030517578,193.22000122070312,192.70555114746094,47460200
AAPL,7/28/2023,194.6699981689453,196.6300048828125,194.13999938964844,195.8300018310547,195.30860900878906,48291400
AAPL,7/31/2023,196.05999755859375,196.49000549316406,195.25999450683594,196.4499969482422,195.9269561767578,38824100
AAPL,8/1/2023,196.24000549316406,196.72999572753906,195.27999877929688,195.61000061035156,195.0891876220703,35175100
AAPL,8/2/2023,195.0399932861328,195.17999267578125,191.85000610351562,192.5800018310547,192.06724548339844,50389300
AAPL,8/3/2023,191.57000732421875,192.3699951171875,190.69000244140625,191.1699981689453,190.6610107421875,61235200
AAPL,8/4/2023,185.52000427246094,187.3800048828125,181.9199981689453,181.99000549316406,181.50546264648438,115799700
AAPL,8/7/2023,182.1300048828125,183.1300048828125,177.35000610351562,178.85000610351562,178.37380981445312,97576100
AAPL,8/8/2023,179.69000244140625,180.27000427246094,177.5800018310547,179.8000030517578,179.32127380371094,67823000
AAPL,8/9/2023,180.8699951171875,180.92999267578125,177.00999450683594,178.19000244140625,177.71556091308594,60378500
AAPL,8/10/2023,179.47999572753906,180.75,177.60000610351562,177.97000122070312,177.49615478515625,54686900
AAPL,8/11/2023,177.32000732421875,178.6199951171875,176.5500030517578,177.7899932861328,177.5560760498047,51988100
AAPL,8/14/2023,177.97000122070312,179.69000244140625,177.30999755859375,179.4600067138672,179.22389221191406,43675600
AAPL,8/15/2023,178.8800048828125,179.47999572753906,177.0500030517578,177.4499969482422,177.21652221679688,43622600
AAPL,8/16/2023,177.1300048828125,178.5399932861328,176.5,176.57000732421875,176.3376922607422,46964900
AAPL,8/17/2023,177.13999938964844,177.50999450683594,173.47999572753906,174,173.7710723876953,66062900
AAPL,8/18/2023,172.3000030517578,175.10000610351562,171.9600067138672,174.49000549316406,174.2604217529297,61114200
AAPL,8/21/2023,175.07000732421875,176.1300048828125,173.74000549316406,175.83999633789062,175.6086426,46311900
AAPL,8/22/2023,177.05999755859375,177.67999267578125,176.25,177.22999572753906,176.99681091308594,42084200
AAPL,8/23/2023,178.52000427246094,181.5500030517578,178.3300018310547,181.1199951171875,180.88169860839844,52722800
AAPL,8/24/2023,180.6699981689453,181.10000610351562,176.00999450683594,176.3800048828125,176.14793395996094,54945800
AAPL,8/25/2023,177.3800048828125,179.14999389648438,175.82000732421875,178.61000061035156,178.375,51449600
AAPL,8/28/2023,180.08999633789062,180.58999633789062,178.5500030517578,180.19000244140625,179.9529266357422,43820700
AAPL,8/29/2023,179.6999969482422,184.89999389648438,179.5,184.1199951171875,183.87774658203125,53003900
AAPL,8/30/2023,184.94000244140625,187.85000610351562,184.74000549316406,187.64999389648438,187.40310668945312,60813900
AAPL,8/31/2023,187.83999633789062,189.1199951171875,187.47999572753906,187.8699951171875,187.62281799316406,60794500
AAPL,9/1/2023,189.49000549316406,189.9199981689453,188.27999877929688,189.4600067138672,189.2107391357422,45732600
AAPL,9/5/2023,188.27999877929688,189.97999572753906,187.61000061035156,189.6999969482422,189.45040893554688,45280000
AAPL,9/6/2023,188.39999389648438,188.85000610351562,181.47000122070312,182.91000366210938,182.66934204101562,81755800
AAPL,9/7/2023,175.17999267578125,178.2100067138672,173.5399932861328,177.55999755859375,177.32638549804688,112488800
AAPL,9/8/2023,178.35000610351562,180.24000549316406,177.7899932861328,178.17999267578125,177.9455566,65551300
AAPL,9/11/2023,180.07000732421875,180.3000030517578,177.33999633789062,179.36000061035156,179.12400817871094,58953100
AAPL,9/12/2023,179.49000549316406,180.1300048828125,174.82000732421875,176.3000030517578,176.0680389404297,90370200
AAPL,9/13/2023,176.50999450683594,177.3000030517578,173.97999572753906,174.2100067138672,173.9807891845703,84267900
AAPL,9/14/2023,174,176.10000610351562,173.5800018310547,175.74000549316406,175.5087891,60895800
AAPL,9/15/2023,176.47999572753906,176.5,173.82000732421875,175.00999450683594,174.77972412109375,109205100
AAPL,9/18/2023,176.47999572753906,179.3800048828125,176.1699981689453,177.97000122070312,177.7358398,67257600
AAPL,9/19/2023,177.52000427246094,179.6300048828125,177.1300048828125,179.07000732421875,178.8343963623047,51826900
AAPL,9/20/2023,179.25999450683594,179.6999969482422,175.39999389648438,175.49000549316406,175.2591094970703,58436200
AAPL,9/21/2023,174.5500030517578,176.3000030517578,173.86000061035156,173.92999267578125,173.70115661621094,63047900
AAPL,9/22/2023,174.6699981689453,177.0800018310547,174.0500030517578,174.7899932861328,174.5600128173828,56725400
AAPL,9/25/2023,174.1999969482422,176.97000122070312,174.14999389648438,176.0800018310547,175.84832763671875,46172700
AAPL,9/26/2023,174.82000732421875,175.1999969482422,171.66000366210938,171.9600067138672,171.73374938964844,64588900
AAPL,9/27/2023,172.6199951171875,173.0399932861328,169.0500030517578,170.42999267578125,170.20574951171875,66921800
AAPL,9/28/2023,169.33999633789062,172.02999877929688,167.6199951171875,170.69000244140625,170.46542358398438,56294400
AAPL,9/29/2023,172.02000427246094,173.07000732421875,170.33999633789062,171.2100067138672,170.9847412109375,51814200
AAPL,10/2/2023,171.22000122070312,174.3000030517578,170.92999267578125,173.75,173.52139282226562,52164500
AAPL,10/3/2023,172.25999450683594,173.6300048828125,170.82000732421875,172.39999389648438,172.1731719970703,49594600
AAPL,10/4/2023,171.08999633789062,174.2100067138672,170.97000122070312,173.66000366210938,173.4315185546875,53020300
AAPL,10/5/2023,173.7899932861328,175.4499969482422,172.67999267578125,174.91000366210938,174.67987060546875,48527900
AAPL,10/6/2023,173.8000030517578,177.99000549316406,173.17999267578125,177.49000549316406,177.25648498535156,57224100
AAPL,10/9/2023,176.80999755859375,179.0500030517578,175.8000030517578,178.99000549316406,178.75450134277344,42390800
AAPL,10/10/2023,178.10000610351562,179.72000122070312,177.9499969482422,178.38999938964844,178.15528869628906,43698000
AAPL,10/11/2023,178.1999969482422,179.85000610351562,177.60000610351562,179.8000030517578,179.5634307861328,47551100
AAPL,10/12/2023,180.07000732421875,182.33999633789062,179.0399932861328,180.7100067138672,180.4722442626953,56743100
AAPL,10/13/2023,181.4199981689453,181.92999267578125,178.13999938964844,178.85000610351562,178.61468505859375,51427100
AAPL,10/16/2023,176.75,179.0800018310547,176.50999450683594,178.72000122070312,178.4848633,52517000
AAPL,10/17/2023,176.64999389648438,178.4199981689453,174.8000030517578,177.14999389648438,176.9169158935547,57549400
AAPL,10/18/2023,175.5800018310547,177.5800018310547,175.11000061035156,175.83999633789062,175.6086426,54764400
AAPL,10/19/2023,176.0399932861328,177.83999633789062,175.19000244140625,175.4600067138672,175.22915649414062,59302900
AAPL,10/20/2023,175.30999755859375,175.4199981689453,172.63999938964844,172.8800048828125,172.6525421142578,64189300
AAPL,10/23/2023,170.91000366210938,174.00999450683594,169.92999267578125,173,172.7723846435547,55980100
AAPL,10/24/2023,173.0500030517578,173.6699981689453,171.4499969482422,173.44000244140625,173.21180725097656,43816600
AAPL,10/25/2023,171.8800048828125,173.05999755859375,170.64999389648438,171.10000610351562,170.87489318847656,57157000
AAPL,10/26/2023,170.3699951171875,171.3800048828125,165.6699981689453,166.88999938964844,166.67042541503906,70625300
AAPL,10/27/2023,166.91000366210938,168.9600067138672,166.8300018310547,168.22000122070312,167.99867248535156,58499100
AAPL,10/30/2023,169.02000427246094,171.1699981689453,168.8699951171875,170.2899932861328,170.06593322753906,51131000
AAPL,10/31/2023,169.35000610351562,170.89999389648438,167.89999389648438,170.77000427246094,170.54531860351562,44846000
AAPL,11/1/2023,171,174.22999572753906,170.1199951171875,173.97000122070312,173.74110412597656,56934900
AAPL,11/2/2023,175.52000427246094,177.77999877929688,175.4600067138672,177.57000732421875,177.3363800048828,77334800
AAPL,11/3/2023,174.24000549316406,176.82000732421875,173.35000610351562,176.64999389648438,176.41757202148438,79763700
AAPL,11/6/2023,176.3800048828125,179.42999267578125,176.2100067138672,179.22999572753906,178.9941864013672,63841300
AAPL,11/7/2023,179.17999267578125,182.44000244140625,178.97000122070312,181.82000732421875,181.58078002929688,70530000
AAPL,11/8/2023,182.35000610351562,183.4499969482422,181.58999633789062,182.88999938964844,182.6493682861328,49340300
AAPL,11/9/2023,182.9600067138672,184.1199951171875,181.80999755859375,182.41000366210938,182.1699981689453,53763500
AAPL,11/10/2023,183.97000122070312,186.57000732421875,183.52999877929688,186.39999389648438,186.39999389648438,66133400
AAPL,11/13/2023,185.82000732421875,186.02999877929688,184.2100067138672,184.8000030517578,184.8000030517578,43627500
AAPL,11/14/2023,187.6999969482422,188.11000061035156,186.3000030517578,187.44000244140625,187.44000244140625,60108400
AAPL,11/15/2023,187.85000610351562,189.5,187.77999877929688,188.00999450683594,188.00999450683594,53790500
AAPL,11/16/2023,189.57000732421875,190.9600067138672,188.64999389648438,189.7100067138672,189.7100067138672,54412900
AAPL,11/17/2023,190.25,190.3800048828125,188.57000732421875,189.69000244140625,189.69000244140625,50922700
AAPL,11/20/2023,189.88999938964844,191.91000366210938,189.8800048828125,191.4499969482422,191.4499969482422,46505100
AAPL,11/21/2023,191.41000366210938,191.52000427246094,189.74000549316406,190.63999938964844,190.63999938964844,38134500
AAPL,11/22/2023,191.49000549316406,192.92999267578125,190.8300018310547,191.30999755859375,191.30999755859375,39617700
AAPL,11/24/2023,190.8699951171875,190.89999389648438,189.25,189.97000122070312,189.97000122070312,24048300
AAPL,11/27/2023,189.9199981689453,190.6699981689453,188.89999389648438,189.7899932861328,189.7899932861328,40552600
AAPL,11/28/2023,189.77999877929688,191.0800018310547,189.39999389648438,190.39999389648438,190.39999389648438,38415400
AAPL,11/29/2023,190.89999389648438,192.08999633789062,188.97000122070312,189.3699951171875,189.3699951171875,43014200
AAPL,11/30/2023,189.83999633789062,190.32000732421875,188.19000244140625,189.9499969482422,189.9499969482422,48794400
AAPL,12/1/2023,190.3300018310547,191.55999755859375,189.22999572753906,191.24000549316406,191.24000549316406,45679300
AAPL,12/4/2023,189.97999572753906,190.0500030517578,187.4499969482422,189.42999267578125,189.42999267578125,43389500
AAPL,12/5/2023,190.2100067138672,194.39999389648438,190.17999267578125,193.4199981689453,193.4199981689453,66628400
AAPL,12/6/2023,194.4499969482422,194.75999450683594,192.11000061035156,192.32000732421875,192.32000732421875,41089700
AAPL,12/7/2023,193.6300048828125,195,193.58999633789062,194.27000427246094,194.27000427246094,47477700
AAPL,12/8/2023,194.1999969482422,195.99000549316406,193.6699981689453,195.7100067138672,195.7100067138672,53377300
AAPL,12/11/2023,193.11000061035156,193.49000549316406,191.4199981689453,193.17999267578125,193.17999267578125,60943700
AAPL,12/12/2023,193.0800018310547,194.72000122070312,191.72000122070312,194.7100067138672,194.7100067138672,52696900
AAPL,12/13/2023,195.08999633789062,198,194.85000610351562,197.9600067138672,197.9600067138672,70404200
AAPL,12/14/2023,198.02000427246094,199.6199951171875,196.16000366210938,198.11000061035156,198.11000061035156,66831600
AAPL,12/15/2023,197.52999877929688,198.39999389648438,197,197.57000732421875,197.57000732421875,128256700
AAPL,12/18/2023,196.08999633789062,196.6300048828125,194.38999938964844,195.88999938964844,195.88999938964844,55751900
AAPL,12/19/2023,196.16000366210938,196.9499969482422,195.88999938964844,196.94000244140625,196.94000244140625,40714100
AAPL,12/20/2023,196.89999389648438,197.67999267578125,194.8300018310547,194.8300018310547,194.8300018310547,52242800
AAPL,12/21/2023,196.10000610351562,197.0800018310547,193.5,194.67999267578125,194.67999267578125,46482500
AAPL,12/22/2023,195.17999267578125,195.41000366210938,192.97000122070312,193.60000610351562,193.60000610351562,37122800
AAPL,12/26/2023,193.61000061035156,193.88999938964844,192.8300018310547,193.0500030517578,193.0500030517578,28919300
AAPL,12/27/2023,192.49000549316406,193.5,191.08999633789062,193.14999389648438,193.14999389648438,48087700
AAPL,12/28/2023,194.13999938964844,194.66000366210938,193.1699981689453,193.5800018310547,193.5800018310547,34049900
AAPL,12/29/2023,193.89999389648438,194.39999389648438,191.72999572753906,192.52999877929688,192.52999877929688,42628800
